scores,type
0.9899163072956032,train
0.9876016983061396,train
0.9890402645702958,train
0.9902957486136784,train
0.9831332476220689,train
0.9450852612142936,test
