scores,type
0.61934963099631,train
0.5828354932645712,train
0.5831013518027749,train
0.6241871367169232,train
0.5673556961813961,train
0.5250461605300315,test
