scores,type
0.926911983728271,train
0.9211018427955363,train
0.9260684141371401,train
0.9338212368884039,train
0.9229349985807549,train
0.8518599978277397,test
