scores,type
0.9720579735917841,train
0.9487715622638153,train
0.9676664142707615,train
0.9683567913057033,train
0.9627573425055518,train
0.911111111111111,test
