scores,type
0.9344643333481527,train
0.8941740208064732,train
0.8973426051711468,train
0.920052669086698,train
0.9242095362130092,train
0.83070761377213,test
