scores,type
0.9913292468768062,train
0.9913014604543635,train
0.9902860053893949,train
0.9907884773845845,train
0.9884568076449995,train
0.9452128815032041,test
