scores,type
0.9786447450317878,train
0.9693557440092473,train
0.9782002316103601,train
0.9740746720709084,train
0.9680586398624168,train
0.9265124361898556,test
