scores,type
0.9352756968834749,train
0.9214658449295335,train
0.9262911164064762,train
0.9336569939647685,train
0.9243598092089519,train
0.8545671771478223,test
