scores,type
0.9311438558662695,train
0.9872335282087761,train
0.9856245685143532,train
0.9594347816404248,train
0.9805090358595894,train
0.9507630064081677,test
