scores,type
0.9684193415729337,train
0.9860387120437469,train
0.986559918045565,train
0.9692587354965146,train
0.9555915468656949,train
0.944121320734224,test
