scores,type
0.9846757880229404,train
0.9906637620593074,train
0.984473476159722,train
0.989254615504532,train
0.9663764171578367,train
0.9413462582817422,test
