scores,type
0.9849286444671675,train
0.9872363068510203,train
0.9850330156114292,train
0.9883387524218871,train
0.9765045388010442,train
0.9312914087107635,test
