scores,type
0.9870848708487086,train
0.9866736317965589,train
0.9843231521279202,train
0.9857804601028884,train
0.982667123051321,train
0.9272700119474312,test
