scores,type
0.9878073178322145,train
0.9874947205797359,train
0.9841616929826514,train
0.9880172260205331,train
0.9826365118854808,train
0.9355951993048768,test
