scores,type
0.9870084581869915,train
0.9775624638776508,train
0.9886658463799746,train
0.9906743424715497,train
0.9770694539524581,train
0.5,test
