scores,type
0.5764223869648335,train
0.5259372360289868,train
0.5220530922210096,train
0.5743630715096987,train
0.506347642661947,train
0.5,test
