scores,type
0.6193913106299738,train
0.582910516605166,train
0.5831013518027749,train
0.6240535153553215,train
0.5673556961813961,train
0.5251058976865429,test
