scores,type
0.5749969434935313,train
0.5259372360289868,train
0.5220530922210096,train
0.5741737745807629,train
0.5070043913108814,train
0.5,test
