scores,type
0.5764307228915662,train
0.5258233116969724,train
0.5222897133821793,train
0.5743185310558314,train
0.506347642661947,train
0.5,test
