scores,type
0.9755396123238341,train
0.9637901235940071,train
0.9761792085161347,train
0.9706200031178318,train
0.9610375515519861,train
0.9090909090909091,test
