scores,type
0.9783710487707287,train
0.958160594407149,train
0.9722095405652184,train
0.9717641360265461,train
0.9608538845569451,train
0.9121293580971002,test
