scores,type
0.9352729182412306,train
0.9159641332859111,train
0.9263273055252433,train
0.9325462663964545,train
0.9241761422139108,train
0.8499837080482242,test
