scores,type
0.9306659294002579,train
0.92129356911039,train
0.9261324410395742,train
0.9328691846869919,train
0.9242345817123329,train
0.8612034321711741,test
