scores,type
0.9541885253189882,train
0.9658685479927088,train
0.9747901031111508,train
0.9470998596975704,train
0.9506951517478976,train
0.7454273922015857,test
