scores,type
0.9344643333481527,train
0.8949964989107723,train
0.8863466806226756,train
0.920052669086698,train
0.902052617811246,train
0.8004778972520908,test
