scores,type
0.9261506357533454,train
0.8866994731694304,train
0.8863466806226756,train
0.9001486537647818,train
0.8964563401290121,train
0.8198055827088087,test
