scores,type
0.9898649024140844,train
0.9896731760992308,train
0.9911406253479723,train
0.9908441529519186,train
0.9877555336639339,train
0.9416449440642988,test
