scores,type
0.9914570644200418,train
0.9898760169830614,train
0.9912255305881568,train
0.990988909426987,train
0.9877332709978683,train
0.945696209405887,test
