scores,type
0.990704052371849,train
0.9912736740319211,train
0.9896178985813865,train
0.9910139634322873,train
0.9878696298275199,train
0.94577495383947,test
