scores,type
0.9898315587071533,train
0.9912542235362113,train
0.9896457363650535,train
0.9923613121617709,train
0.9876637001664135,train
0.9451504290213968,test
