scores,type
0.9773429511403546,train
0.9689194971768994,train
0.9787625548404338,train
0.9693366812907823,train
0.9671041280548552,train
0.9200743999131096,test
