scores,type
0.9294822278042058,train
0.9183954452496333,train
0.9257399282898693,train
0.9314939981738414,train
0.9214712282869435,train
0.8516997936352775,test
