scores,type
0.931171642288712,train
0.9173590116925265,train
0.925817874084137,train
0.9318586731398792,train
0.9190139865199556,train
0.8597127185836863,test
