scores,type
0.9732666829680345,train
0.9228829524741031,train
0.9564644901231544,train
0.9600277264325323,train
0.9647484597017916,train
0.9192625176496143,test
