scores,type
0.9345504712577246,train
0.9138218001155916,train
0.9267699262855488,train
0.9327717524441574,train
0.9159389557696482,train
0.8515097208645596,test
