scores,type
0.9353201551593829,train
0.9215825479037922,train
0.926199251720375,train
0.9336987506402691,train
0.9243598092089519,train
0.8545671771478223,test
