scores,type
0.9787003178766728,train
0.9688500311207932,train
0.9782002316103601,train
0.9742667527782107,train
0.9679222810327651,train
0.9265124361898556,test
