scores,type
0.9353201551593829,train
0.9215825479037922,train
0.9262939001848429,train
0.9336569939647685,train
0.9243598092089519,train
0.8545671771478223,test
