scores,type
0.9660825034455165,train
0.9859942537678388,train
0.9688077634011091,train
0.9711099481103711,train
0.9599522465812893,train
0.9439665471923536,test
