scores,type
0.8481986062330502,train
0.9857691837460543,train
0.9856301360710866,train
0.9732757276796651,train
0.9764015739704909,train
0.814611165417617,test
