scores,type
0.988886820344107,train
0.9628314920197395,train
0.9866545665100328,train
0.9773261252032159,train
0.9765852409655318,train
0.9507141305528403,test
