scores,type
0.9837588360823367,train
0.9867000288978793,train
0.9866183773912656,train
0.9891015076943634,train
0.980376851279825,train
0.9401759530791789,test
