scores,type
0.9234970324100832,train
0.9710270973191659,train
0.9842994900118033,train
0.9884514954457385,train
0.8277134015684048,train
0.5,test
