scores,type
0.9815817698839638,train
0.9867000288978793,train
0.9865334721510812,train
0.9886936841636416,train
0.9820632482342924,train
0.9440561529271206,test
