scores,type
0.9882268928110968,train
0.9722566465122482,train
0.9782559071776941,train
0.9876344564951117,train
0.9776218463542102,train
0.9372759856630823,test
