scores,type
0.990517883341484,train
0.9888006824345351,train
0.9909624635325035,train
0.9924643119613389,train
0.9878056246625815,train
0.9439203866623221,test
