scores,type
0.989957986929267,train
0.9911833681589828,train
0.9909304500812863,train
0.9923613121617709,train
0.9879865088243642,train
0.9440561529271206,test
