scores,type
0.9908207553461076,train
0.9909374583203663,train
0.98536567712625,train
0.9913201790526245,train
0.9843660427554501,train
0.9441376126859998,test
