scores,type
0.9910430467256479,train
0.9856608166985285,train
0.9896499120326036,train
0.9921093802195844,train
0.970565972628052,train
0.94907678939937,test
