scores,type
0.9895787022629262,train
0.9862610034232872,train
0.990714707257867,train
0.9920885018818341,train
0.9870820880154503,train
0.9458509829477572,test
