scores,type
0.991876639398924,train
0.9903372715956074,train
0.9910473687726878,train
0.9920328263145002,train
0.9849587862394461,train
0.9441376126859998,test
