scores,type
0.5756804894856177,train
0.5260372671497799,train
0.5217190388170055,train
0.5734806137674543,train
0.506347642661947,train
0.5,test
