scores,type
0.9262423309474057,train
0.8579016249499846,train
0.8863466806226756,train
0.9202280471238002,train
0.9213432179570664,train
0.83070761377213,test
