scores,type
0.9898009936424665,train
0.9912764526741653,train
0.9909262744137363,train
0.990671558693183,train
0.9879837259911062,train
0.9486586293037905,test
