scores,type
0.933372326946161,train
0.92140471480016,train
0.9266613589292474,train
0.933857426007171,train
0.9238088082238289,train
0.8547518192679482,test
